"","variant","AMR","FIN","AMI","EAS","MID","AFR","SAS","ASJ","EUR"
"1","ABCB1 rs1045642",0.56862231534835,0.378813719916619,0.574561403508772,0.618900077459334,0.527210884353742,0.797138169007287,0.412619344126193,0.653202538949798,0.468840153076244
"2","APEX1 rs1130409",0.412576887841905,0.523993954279237,0.417763157894737,0.393160741885626,0.462585034013605,0.356805361361554,0.240356698465367,0.359365994236311,0.479639273839998
"3","BCHE rs1803274",0.138317389595073,0.165310370931113,0.212087912087912,0.117317356010823,0.200680272108844,0.188615102710001,0.167703150912106,0.176283900750144,0.197818856150472
"4","BDNF rs6265",0.159126569037657,0.150822150822151,0.335164835164835,0.473255813953488,0.154109589041096,0.0371672042751914,0.201365894039735,0.222478386167147,0.187042212090013
"5","HLA-DRA rs3129882",0.542517006802721,0.59606656580938,0.589010989010989,0.377614252517428,0.370748299319728,0.555520672333848,0.457953603976802,0.574725908828621,0.565739514348786
"6","NFE2L2 rs6721961",0.857292211186618,0.847908028646815,0.894736842105263,0.729918509895227,0.877551020408163,0.929200346420323,0.844927536231884,0.877016129032258,0.883665549479626
"7","NOS1 rs1047735",0.483907136261707,0.236285714285714,0.346238938053097,0.490566037735849,0.350340136054422,0.197043141056714,0.297325532804012,0.342576545349509,0.304237637767431
"8","NOS1 rs10774910",0.547026460571129,0.233547655068079,0.369230769230769,0.463925523661753,0.45578231292517,0.717182677469136,0.423076923076923,0.354178674351585,0.321370766016303
"9","NOS1 rs12829185",0.193016167505963,0.156650717703349,0.213186813186813,0.281764705882353,0.310344827586207,0.100908025776216,0.189799331103679,0.277136258660508,0.202866317091852
"10","NOS1 rs2682826",0.248397645519948,0.291485746649047,0.213186813186813,0.3223124516628,0.350340136054422,0.189504864656584,0.251246882793017,0.310771889400922,0.278078404846631
"11","NOS1 rs3741480",0.392286537454164,0.589945086157925,0.583516483516484,0.427769171185128,0.585034013605442,0.33864118895966,0.556478405315615,0.62478386167147,0.557324465893708
"12","NOS1 rs816353",0.620872641509434,0.377351320539616,0.415384615384615,0.624854368932039,0.479591836734694,0.807666345226615,0.460307564422278,0.42560553633218,0.408395148946191
"13","OGG1 rs1052133",0.243758985753496,0.192612884942377,0.173245614035088,0.571676970633694,0.329931972789116,0.164395435065248,0.329601990049751,0.197406340057637,0.221537783004999
"14","PON1 rs854560",0.272959183673469,0.35065551966559,0.345394736842105,0.0359767891682785,0.428571428571429,0.174747913349737,0.201703365184877,0.397287939988459,0.365981809083684
"15","PPARGC1A rs6821591",0.496854485776805,0.460744680851064,0.45413870246085,0.698782961460446,0.642857142857143,0.594785660566558,0.624891398783666,0.626736111111111,0.490772762506708
"16","SKP1 rs2284312",0.634363541121006,0.785822163488767,0.930921052631579,0.555749805749806,0.791095890410959,0.589227946501859,0.789648033126294,0.832661290322581,0.858125992588671
"17","SLC6A3 (Upstream) rs2550956",0.22553386610769,0.290726341740944,0.265934065934066,0.145865533230294,0.200680272108844,0.0888653540653733,0.281897265948633,0.155331412103746,0.265307624374448
"18","SLC6A3 (Upstream) rs2652510",0.462082514734774,0.558097588760205,0.603296703296703,0.163893188854489,0.564625850340136,0.230109392318442,0.475716064757161,0.592165898617512,0.59135337239085
